review_url,title,body,rating,reviewer,review_date,page
https://www.mouthshut.com/review/blinkit-review-sppqmslouop,Worst Experience,"Worst customer support experience! I made a mistake ordering a data cable and reached out for a replacement right away, but they flatly refused to assist. Save your money and buy from somewhere else.",1,kiranbisht440,2 days ago,1
https://www.mouthshut.com/review/blinkit-review-rploouunuop,Order is not receive,Maine order kiya tha 651 account mein se pese cut Ho Gaya but mujhe Mera order show nahi ho raha hai aur account mein se paise bhi chale gaye aur mujhe aur return bhi nahi mile,1,karunasalekar44,2 days ago,1
https://www.mouthshut.com/review/blinkit-review-slpsupunuop,Rotten fruits and vegetables,We received rotten fruits and vegetables and now they are not refunding the money and not responding like our money is not for this,1,garimaj1510,3 days ago,1
https://www.mouthshut.com/review/blinkit-review-utopopqnuop,"Delayed, cancel and not taking responsibility","Taking much time and they cancelled at 11 of night. now how I can I find the things I need. if they can not deliver, they should not accept it or they must update us once it was placed. I really give them one Star for their current service and irresponsibility.",1,BhargavDmehta,7 days ago,1
https://www.mouthshut.com/review/blinkit-review-rsmqtmqnuop,Expired products,"Placed an order on blinkit but received expired product., its not that am ordering for the first time so based on thw trust on the app did not check for expiry date but when am almost ready to cook tear opened the pack and found it sticky and not in good condition so checked for the expiry date it was expired long back like almost 15days back.when raised the complaint they simply said vl refund the money back what if we have consumed it without paying attention or if someone else was cooking",1,lathasrispengg,7 days ago,1
https://www.mouthshut.com/review/blinkit-review-qounrssmuop,DO NOT BELIEVE THIS BLINKIT:,"Very bad experience with BLINKIT Hello, Yesterday I ordered a AC remote control through their website. The product was delivered within 20 minutes. Unfortunately on opening the battery slot, I found the pins were hanging without any support and I was unable to place the battery. When I called the help line, they are so lethargic and said nothing can be done once delivered. Unless we open the product, how we will know the defect. Foolish policy. Inspite of writing to Grievances cell, nothing happened. I warn people who are blindly believing and buying electronic products. ""WHO HAS TO BELL THIS DIRTY CAT"" Regards, MANOHAR, MOGAPPAIR",1,manobala,13 days ago,1
https://www.mouthshut.com/review/blinkit-review-osrsmurmuop,Recent experience with Blinkit,"Dear All, I would like to share my recent experience with Blinkit and warn everyone to be cautious. Today, I ordered a boAt Airdopes Elite from Blinkit. The product was delivered in damaged packaging. When I raised the issue, the delivery personnel insisted that I accept the damaged package. To my surprise, I was also unable to cancel the order. Even the customer support representative pressured me to accept the delivery despite the damaged packaging. I am sharing this experience to make all my friends and colleagues aware. Please inspect your orders carefully before accepting delivery, and be cautious when purchasing from Blinkit. Regards",1,victoryonevishal,13 days ago,1
https://www.mouthshut.com/review/blinkit-review-ssppnpomuop,Dont buy any one from blinkit,Today I order gift multi color moon I am totally disappointed its looking like 100 rs worthy gift I hate blink it I wont order here after dont purchase any one,1,Jyoti601,15 days ago,1
https://www.mouthshut.com/review/blinkit-review-ollosrmmuop,No return or refund policy,"Do not buy any electronic products from blinkit, if the product is not compatible with your device or do not meet your expectations there is no return or refund.. And since there is no call centre number you will go mad explaining on customer support chat. Very poor and worst experience...",1,nirav1310,16 days ago,1
https://www.mouthshut.com/review/blinkit-review-opsmsotluop,Horrible - will never use blinkit -,Horrible they are  charged  more for delivery and  other charges  han the material acutal cost  was 72 rs   total charge  was rs 152   imagine looting us.  only fools will order from blinkit.  u can fool us once but long term u go down the drain,1,ajaygohil2,20 days ago,1
https://www.mouthshut.com/review/blinkit-review-mquqomqluop,GREAT SERVICE,"I've had a great experience using Blinkit! The delivery is incredibly fast, and the app is easy to navigate. The products are always fresh, well-packaged, and exactly as described. It's very convenient for last-minute grocery needs, and the delivery partners are polite and professional. The service has saved me a lot of time, and I highly recommend Blinkit for quick and hassle-free shopping!",5,priyankadas9466,21 days ago,1
https://www.mouthshut.com/review/blinkit-review-nptplnoluop,Having a great experience,"Recently blinkit has started there service in my area . so happy with there service . on time delivery, large availability of products .",5,deysmritikona825,23 days ago,1
https://www.mouthshut.com/review/blinkit-review-ntrrslnluop,Highly unsatisfactory replies for duplicate produc,"We had ordered a Hamleys football foe our kid , but surprisingly we recd a local duplicate product. Even after sharing images of ordered product alongwith the one delivered, the customer care team just accepted the mistake but refused to change or refund. With time all these are becoming fraud associations with third class customer care. They only give an email option and no call centre option to speak to. Very disappointed",1,tjskhushalani,23 days ago,1
https://www.mouthshut.com/review/blinkit-review-pnopttmluop,Poor reliability,"Please check weight of your orders . I order 1 kg onion and get only 300gms.and tomato 900 gm instead of 1 kg,",1,jsalecha1904,24 days ago,1
https://www.mouthshut.com/review/blinkit-review-stqpuomluop,Timely Delivery but insecure Pack,"Delivers on time but the packaging is not. Torn Packets, in fact ice cream always comes melted, no proper delivery bags provided to the delivery person for Ice creams and Kulfi.",4,dipalid1032,24 days ago,1
https://www.mouthshut.com/review/blinkit-review-pptsstrutop,Well enough but more to be added!!!,The products are timely delivered with good quality and wrong ones are replaced asap.But I wanna request to add medicines also as no such app offers free delivery of medicines even after a total cost of Rs. 500.,4,sneh140709,28 days ago,1
https://www.mouthshut.com/review/blinkit-review-lnnntsputop,Sanyam customer service,"Driver refused to deliver, marked as delivered and Sanyam service agent was extremely unhelpful. Awful service.",1,johnpaulc1985,29 days ago,1
https://www.mouthshut.com/review/blinkit-review-qmntououtop,Fault Item from Blinkit,"I purchased an Omron HEM-7090-L blood pressure monitor from Blinkit. Unfortunately, I found the cuff design to be uncomfortable and difficult to use correctly. In my experience, it did not fit well enough for me to feel confident while taking blood pressure measurements. I contacted Blinkit within 72 hours of receiving the product and explained that the monitor was not suitable for me because of the cuff design. However, I was informed that the item was replacement-only and my request for a return was declined. I also requested a one-time exception, but this was not considered. I understand that policies exist, but I was disappointed that there was no flexibility for a medical device that I genuinely could not use comfortably. I hope Blinkit considers handling such situations with greater customer empathy in the future, especially when the request is made promptly after delivery.",1,simsamiable,30 days ago,1
https://www.mouthshut.com/review/blinkit-review-olqrqroutop,Worst customer support,"Neither received the ordered items nor the refund. They only resolve issues within a 24-hour window, what if the person who ordered is not available to reconfirm the order and another person receives it? At least they should be honest if the ordered product is not available they should raise the refund but they wait for the complaint to be registered.",1,kanch28,30 days ago,1
https://www.mouthshut.com/review/blinkit-review-uqrutmoutop,Refund Promo instead of refund- Absolute cheating,"We have received the broken package. Instead of crediting the refund in source account, they have given the refund promo which we need to use for future purchase. It is their fault and not customers. Even handling charge they should refund. Their support executive Abhijeet was very rude. I have asked to call back but instead closed the chat. They will charge their fees again for future purchases which is absolutely unfair. Even their discount structure is also we find in rare items. In 90% product, they charge MRP. Also delivery charges, small cart charges, handling charges, surge chg are different source of their income.",1,neildeepak55,30 days ago,1
https://www.mouthshut.com/review/blinkit-review-nstttnuttop,Worst Customer Service & Replacement Experience,"I had a very disappointing experience with Blinkit. The product I received was defective, and even though I reported the issue within the eligible replacement period, my replacement request was not handled properly. Instead of resolving the issue, I was asked to contact the brand directly. Customer support kept giving repetitive responses without providing a real solution. The replacement process is confusing, and customers are left without proper assistance. After-sales service is extremely poor, especially when you receive a defective product. This approach is very concerning. Imagine if a customer receives an expired pack of butter or any other defective grocery item. Will Blinkit simply ask the customer to contact the manufacturer instead of taking responsibility for a product sold through its own platform? Customers buy from Blinkit, so they naturally expect Blinkit to handle such issues. Blinkit is great only until everything goes well. If something goes wrong with your order, dont expect reliable customer support. I cannot recommend this app because of its poor replacement policy and disappointing customer service. A frustrated customer",1,lepadh2000,"Jun 27, 2026 11:15 AM",2
https://www.mouthshut.com/review/blinkit-review-rnprnptttop,Disappointed,They judge you for last cancelled orders and don't want customer to reorder They remove the option for cas on delivery which was always easy for us to pay,1,canvassalonandspa,"Jun 26, 2026 04:42 PM",2
https://www.mouthshut.com/review/blinkit-review-lpumllsttop,Delivered expired product,Had a very bad experience i order a suncream they deliver which is already expired requested for replacement deliver the same expired product tried to contact customer care but didn't gave any option to come up with the same issue 🙃 they dont even allowed us to write our issue .. very bad experience,1,lindaelony,"Jun 26, 2026 11:52 AM",2
https://www.mouthshut.com/review/blinkit-review-nmlsurrttop,"Non friendly customer service, no trust","Blinkit has been on my radar for a while now. Tried them today for a change for veggies. Apples were rotten from inside, cauliflower was brown n stems broken, peeled small onions were the size of regular medium sized onions. When I wrote e to them with photos they just day we can do anything about it as they cannot see the issues on the photos. More important, we cannot do this over the chat, have to go n email. Swiggy does all this over the chat inside the app and mostly gives refunds, as they trust their customers.",1,21rentalagreements,"Jun 26, 2026 09:31 AM",2
https://www.mouthshut.com/review/blinkit-review-lopotpnttop,Fraud,Blinkit delivered half of my ordered product and not even refunded my money back . This is very unjust and a case of fraudulent racket going on by the delivery guy and the company. Eating up customers product and money both . I highly request everyone to stay alert and not order from blinkit anymore . Thier system has become corrupt.,1,mehtapurvia,"Jun 23, 2026 08:58 AM",2
https://www.mouthshut.com/review/blinkit-review-qposmsustop,Item not return,I ordered raaga tan removal its cost 430/- its showing big box but I got 30 starches of box so I called customer care and discuss particular issues they said they trying solve the issue but unfortunately it was not returned in Blinkit app whenever we want to return the item they dont except return our ordered its very unfair and cheating the customers no one use the Blinkit app,1,angellucky141,"Jun 20, 2026 05:15 PM",2
https://www.mouthshut.com/review/blinkit-review-nurorpsstop,Worst customer support,"If you have any items missing or damaged, then forget about getting a replacement or refund..The customer support will just waste your time and ask you to come back tomorrow and keep doing this till the complaint window closes..They will just harass and make it impossible to get a resolution..We should stop buying from these platforms so that they run out of business..!!",1,baruajahnabi35,"Jun 18, 2026 05:55 PM",2
https://www.mouthshut.com/review/blinkit-review-rntrpoqstop,Think twice before ordering again.,"Very disappointing experience. The product quality was far below expectations, and the size was much smaller than what was shown in the description. What is even more disappointing is the lack of a satisfactory resolution from customer support. I raised a genuine concern, but instead of receiving meaningful assistance, I was given a generic response. This has significantly reduced my confidence in the service and the accuracy of the product listings. I expected better quality, transparency, and customer support. Based on this experience, I am highly dissatisfied and would think twice before ordering again.",1,ravistackint,"Jun 18, 2026 10:13 AM",2
https://www.mouthshut.com/review/blinkit-review-uouponqstop,Very disappointing experience with Blinkit.,"I ordered rice through Blinkit and received a product that was of poor quality. After raising a complaint, Blinkit approved the return and refund request and arranged for the product to be picked up. The item was collected successfully. However, after the pickup was completed, the experience became frustrating. It was extremely difficult to get clear updates regarding the refund and return status. The available support options were limited, and I felt that there was no effective way to reach the company for a proper resolution. As a customer, I expect a company to provide transparent communication and reliable support, especially after collecting a returned product. Instead, I was left uncertain about the status of my refund and had to spend additional time following up on the issue. Based on my experience, Blinkit's post-return customer support and grievance handling process need significant improvement. Customers should not have to struggle to get updates after a return pickup has been completed. I hope Blinkit addresses these issues and improves its customer service standards.",1,shantnilange,"Jun 18, 2026 08:04 AM",2
https://www.mouthshut.com/review/blinkit-review-rmtquuostop,Complaint Regarding False Delivery Status and Unpr,"Dear Blinkit Team, I am writing to report that my order is showing as ""Delivered"" in the app, but I have not received the parcel. I contacted customer support within approximately 2 hours of the delivery status being updated. However, I was informed that complaints can only be registered after 24 hours. This is unreasonable, as customers should be able to report non-delivery immediately. Moreover, the customer care representative was rude, unhelpful, and behaved unprofessionally during the conversation. I request that Blinkit urgently investigate the missing order, verify the delivery details, and provide a resolution at the earliest. I also request that my complaint regarding the conduct of the customer service representative be formally recorded.",1,narenpandey,"Jun 17, 2026 01:04 PM",2
https://www.mouthshut.com/review/blinkit-review-uuspqumstop,I havent get my refund,"I placed a Blinkit order worth around ₹4, 000, which was cancelled due to an incorrect delivery location. Instead of refunding the amount, Blinkit issued a promo code and then deactivated my account, preventing me from using it. After 8 days, I created a new account and contacted customer support multiple times, but no resolution was provided. The promo code has now expired, my original account remains inactive, and I have neither received a refund nor been given any way to access or use the credited amount despite repeated follow-ups with the support team.",1,mushkan86503,"Jun 15, 2026 10:14 PM",2
https://www.mouthshut.com/review/blinkit-review-nlsmutmstop,Product quantity,"Blinkit is engaging in unfair practices by delivering incorrect items to its customers, many of whom are completely unaware of the discrepancy, I have ordered 100g sensora toothpaste but received 75g toothpaste and contacted customer support but without any resolution they closed chat",1,utambali,"Jun 15, 2026 09:37 PM",2
https://www.mouthshut.com/review/blinkit-review-tttpplurtop,Didn't ge my refund,Very poor service and after that no replacement/ refund was provided it's been 3-4 business days already. The damaged product was already pick up from my place. Highly disappointed in blinkit now I'm wondering if I should order again from here or not .,1,riyasidhi2002,"Jun 13, 2026 12:47 PM",2
https://www.mouthshut.com/review/blinkit-review-mtspoqtqtop,Worst blinkit product,"God sake don't buy any product from blinkit poor quality product they provide, please shutdown blinkit",1,rajuvenkatesh40,"Jun 07, 2026 04:24 PM",2
https://www.mouthshut.com/review/blinkit-review-lulttmpqtop,Money not refunded rather they make my money promr,"Very disappointed with Blinkit. The item I received was damaged, but instead of giving a proper refund, they only said they would provide a promo code  which I never even received. This is unfair customer service. Why should customers buy from Blinkit if damaged products are not refunded properly? Kindly improve your service and support system.",1,karritu2020,"Jun 03, 2026 11:16 PM",2
https://www.mouthshut.com/review/blinkit-review-qrnqtluptop,Fast delivery,"Blinkit is super convenient, fast, and reliable. Great for groceries and daily essentials delivered quickly.",4,ajijurrr550,"Jun 01, 2026 11:00 AM",2
https://www.mouthshut.com/review/blinkit-review-rrlrtutptop,Bad customer support,"After buying the exhaust fan for my bathroom in Dehradun, I realised the mistake of one size smaller than required. On requesting for return to enable me to buy a bigger exhaust fan, customer care person flatly refused.",1,Bh412629,"Jun 01, 2026 09:59 AM",2
https://www.mouthshut.com/review/blinkit-review-mqnqlpsptop,Worst experience ever,ORD83857690653 ordered it showed 20(3:26pm) minutes waited for more than 25 min delivery boy says tyre blasted getting new tyre once it's done he will cooly delivery in the app I don't have any option to grieve this worst experience I am uninstalling this app immediately am writing this review still waiting for my order(4:05pm) it's now 417pm still no sign of him I think in between he is delivering zepto or Swiggy orders successfully completed one hour now the delivery boy is not even answering,1,mupallamanoj24,"May 30, 2026 08:20 PM",2
https://www.mouthshut.com/review/blinkit-review-trpultoptop,Poor Refund Policy and Lack of Customer Care Suppo,"I had a terrible experience with Blinkit when I purchased what I thought was a universal adapter - but it turned out to be one that can only be used in India. I tried to return the item which is no use to me as a traveller and was asked to furnish a photograph. So I naturally had to open the packaging to take a picture. I was told by the service representative Shreya that it could no longer be returned. This shows a poor understanding or care of the customer's problems. Blinkit, I am not using your platform anymore. Poor show.",1,ushvar123,"May 28, 2026 11:25 AM",2
https://www.mouthshut.com/review/blinkit-review-qupttptotop,My product is lick,"Blankets have such poor service. Blankets have the worst service. If we order an item and it arrives damaged, they don't return it. Secondly, they don't replace it, and we're even willing to pay extra, but still they don't return it. Why is this so wasteful? Why is our product worthless?",1,anoopraj10620,"May 26, 2026 09:45 AM",2
https://www.mouthshut.com/review/blinkit-review-rtqqnupotop,Worst service from Blinkit,"I ordered a watergun which was not in working condition, if I try to replace the order they don't have stock if I suggest to refund they don't have proper procedure instead they ask us to enter some number in phone pe and asking to continue by clicking pay button which seems to like frud, the refund service will not work like other shopping website, instead blink it person ask us to enter pincode from our phone pe account to redeem our money which we can not trust, worst experience",1,prarthanalokeshkp,"May 23, 2026 07:59 PM",3
https://www.mouthshut.com/review/blinkit-review-ltsslrootop,Worst experience with blink it-water bubble gun,"I received a product which was not in working condition, and there was no proper Customer support assist, they tell us to upload photos of product and reject it saying no clarity photo uploaded and end the conversation, there is no customer service number just we have option to chat which is of no",1,pruprackm1993,"May 22, 2026 07:43 PM",3
https://www.mouthshut.com/review/blinkit-review-psmqsslotop,Stealing money from customers,"Absolutely terrible service. Blinkit has been holding onto my refund of ₹349 for over 4 months now. I have repeatedly contacted their customer support, but they do absolutely nothing to resolve the issue. They just give automated replies and ignore the problem. Highly unprofessional. Do not trust them with your money!",1,SujiBALAJI910,"May 21, 2026 03:09 PM",3
https://www.mouthshut.com/review/blinkit-review-rlonlmsntop,No accountability of Blinkit,"I recently bought a 45-watt charger from Blinkit, of the APFEN brand. It is faulty and has no manufacturer's address. The phone number provided by Blinkit is not operational. Nobody responds to the APFEN customer care email provided by Blinkit. Blinkit is not accepting the product back. How is this all possible?",1,anilsarwal,"May 20, 2026 06:28 AM",3
https://www.mouthshut.com/review/blinkit-review-pouomlqntop,Worst experience,"""If delivery is not possible at an address, the app should not allow the order to be placed in the first place. The delivery partner refused to deliver the order, and customer service canceled it, but I was still charged a cancellation fee. Why should the customer pay when Blinkit is the one canceling the order?""",1,unnatibtcs16,"May 19, 2026 07:55 AM",3
https://www.mouthshut.com/review/blinkit-review-lrrrsopntop,FRAUDS,"I did receive 2 damage items, few items were missing and later missed items they delivered to me also a promo code for 1 damage item was given and for the second damage item they are not giving me the promo code and making excuses, every day we order from blinkit and this is what they are doing with a customer who orders with them on regular basis",1,mehmoodinabila,"May 18, 2026 05:41 PM",3
https://www.mouthshut.com/review/blinkit-review-nltoltnntop,Poor quality of vegetables and fruits,"Whenever I ordered vegetables and fruits(fresh items) from blink it, Blinkit selects worst quality of fruits and vegetables. It appears that customer satisfaction is not their motive only gaining business is motive. But without customer satisfaction nothing is achieved. I recommend not order fresh items such as fruits and vegetables from Blinkit.",1,nsharma894,"May 17, 2026 10:09 PM",3
https://www.mouthshut.com/review/blinkit-review-nompmrnntop,Increasing Rate day by day,I am regular customer ordering regularly... but when I see my same ordering items rates increase day by day... worst experience. i stopped ordering.,1,caitanf,"May 17, 2026 07:36 PM",3
https://www.mouthshut.com/review/blinkit-review-rotulsmntop,Skip to deliver some items or reduce the qty.,I have been ordering from Blinkit for quite some time..what I observed is that they either skip an item or reduce the quantity of a particular product for what was actually ordered.. initially I thought its a human error but it happened many times.. initially I used to pay them online but I stopped after a bitter experience where had ordered a packet of onion along with many other items but onion was skipped while delivering.. after continous complaints and finally a prolonged refund I stopped buying from blinkit Then I started their service again by paying cash instead of paying online.. in this way I could send their product back.. but again it happened thrice.. for eg if ordered for 6 bananas they will only deliver 4.. then when I ordered 3 pkts of 240 gms wickedgud noodles I recieve only 2 pkts of 240 gas and 3rd one i recieve lesser quantity..this seems their habit guess..they think customer will not check and will pay accordingly.. seems blinkit has the habit of cheating their customers.. when I complaint they tell me to cancel the order.. Worst website.. beware guys N yes their customer service is worst instead of giving solution or accepting their mistake they will cancel the order,1,priman22,"May 16, 2026 08:50 PM",3
https://www.mouthshut.com/review/blinkit-review-pmtomqlntop,On 16th today delivering Milk date expiry 15th,This is really nosence expiry date milk is being given to customers .today is 16th May. Expiry date is 15th May 26.,1,shahp41,"May 16, 2026 08:41 AM",3
https://www.mouthshut.com/review/blinkit-review-pqpmltumtop,Order cancelled but not received any refund yet,"I have a request for everyone: please do not place any orders on Blinkit from now on. Blinkit is a complete fraud that totally deceives its customers. On Friday, I ordered a feeding bottle for my daughter, along with some milkshakes and other items, as we were planning to travel to our hometown. Even though I had entered the location details correctly, the delivery rider told me, ""Madam, your location is incorrect; you will have to pay me extra money for me to deliver the items to your address.""Despite requesting a rider multiple times over a considerable period, they failed to deliver my order. Since we were getting late, I decided to cancel the order. However, even after waiting 24 hours following the cancellation, I still did not receive my refund. Consequently, I attempted to contact Customer Care, but I was unable to get through to them by phone. I then reached out via email, and in response to my message, I received a reply stating that...They replied to me that if you cancel the order yourself, we can't do anything, we don't see your order in our order history anymore, so we can't give you a refund and they were continuously sending me auto-generated mails. I requested them a lot, but they didn't give me any refund. It's a total Blinket fraud. My request to everyone is that everyone should order from Amazon, Insta Mart and Zap to other apps.",1,pranalighevade9560,"May 15, 2026 05:03 PM",3
https://www.mouthshut.com/review/blinkit-review-nsrqqmsmtop,Horrible Experience for just 199 product,Blinkit has its wrong policies or their customer care id not well trained. I had a word with Mumerr (CCE) who refused for any resolution and refused for refund. Also refused for the mistake they had done . So Blinkit will soon be gone with the wind like other start up brands. Its customers market today not sellers . The early they understand the better for them or a small customer care executive like Mumeer will finish the business.,1,tomatinapreschool,"May 15, 2026 11:31 AM",3
https://www.mouthshut.com/review/blinkit-review-mlstpormtop,Waste services,I really don't like this appi order something itt came something I didn't expect this from you guys in picture the product is showing big this is how it came,1,agym169,"May 14, 2026 06:44 PM",3
https://www.mouthshut.com/review/blinkit-review-tntouqpmtop,Persistent Missing Items - Disappointing cust care,"I have been a regular customer of Blinkit with monthly orders in the range of 10-15K INR. Observed in last few orders that some items were missing. On following up customer care Bot is of no help and there is no human interface to support. For my recent order ORD66889450768, there was an item missing and system asked to send mail to info@blinkit.com Following response template received on 3 emails sent ""We apologize for the inconvenience caused. Weve reviewed your concern thoroughly based on the available records, and unfortunately, we were unable to find any discrepancy. As a result, were unable to provide a resolution for this issue."" Even asked to call back but no one bothered. Summary - clear indication that they are deliberately excluding some items if it is bulk order. Folks, your top line will not improve with such unethical practices. Very disappointing. You can track from Order ID and hope there is basic courtesy to send missing item/s / call to discuss. Shame Blinkit",1,vishalnarang79,"May 13, 2026 08:21 PM",3
https://www.mouthshut.com/review/blinkit-review-mrprqqnmtop,Blinkit is a Fraud Company - Delivering Rotten Foo,"I had the worst experience with Blinkit. They are looting customers by showing fresh products on the app but delivering garbage. I faced two major issues back-to-back: Electronics Fraud: Ordered boAt Airdopes ( Order ID: 2069473726) which were defective. Blinkit refused replacement despite their 7-day policy. Rotten Food: Today I received rotten flat beans ( Order ID: 14344384465) that were completely decayed and unhygienic. Their customer support is useless and only gives automated replies. I have already filed a formal complaint with the National Consumer Helpline ( Grievance No: 9294204) . Please do not waste your money on Blinkit. Switch to Zepto or Instamart for better quality and service. Beware of this scam! """,1,kishankuamrnayak,"May 13, 2026 12:39 AM",3
https://www.mouthshut.com/review/blinkit-review-nlsqlmlmtop,Blinket review,"The worst service from Blinkit so far, especially from the branch near Maligaon, Guwahati, Assam. The delivery agents are poor, and the executives are highly unprofessional in assisting customers. They are unable to provide proper solutions and even fail to connect with the delivery agents after complaints are raised. My order was rescheduled twice, and later the executive informed me that the products were unavailable. This kind of service is extremely disappointing and unacceptable.",1,kuldeepmajumdar31,"May 11, 2026 10:24 PM",3
https://www.mouthshut.com/review/blinkit-review-putpltultop,Fraudulent service and defective product delivered,"I ordered boAt Airdopes 131 (Order #ORD81223247301) from Blinkit, and they delivered a defective product with a loose case/clip. When I contacted their support, they gave me automated ""final decision"" replies and refused to help, shamelessly asking me to contact the brand for a defect they delivered. This is a clear violation of consumer rights. I have already filed a formal grievance with the National Consumer Helpline (NCH #9287891). Beware of Blinkit's electronic items; they sell junk and provide zero support. I want my refund immediately!",1,nayakkisan1,"May 11, 2026 05:22 PM",3
https://www.mouthshut.com/review/blinkit-review-pqquumsltop,Electronic,I have purchase Samsung USB cable but it have cut and not doing fast charging....so please can't be buy any electronic item from blinkit...it is requested to all member who is used blinkit,1,ajayniet05,"May 10, 2026 12:03 PM",3
https://www.mouthshut.com/review/blinkit-review-qlqopurltop,Delivering expired products and playing with lives,"Blinkit is delivering expired products and playing with our life and health . Worst is that they deny refund for such products and offer promo codes, so that you are bound to use blinkit even when you wish to discontinue using it post such bad experience. Why would I accept promo codes i return of my hard earned money because they delivered rotten and expired product. That too when I told them that my little kid ate opened one of the chocolates and consumed it. They are not bothered at all. Guys please be safe and avoid ordering from BLINKIT.",1,docrenubadhan,"May 10, 2026 08:52 AM",3
https://www.mouthshut.com/review/blinkit-review-qoooqsrltop,Missing item,On mother's day orderd 2 dairy milk chocolate and 1 bouquet with should be consisting of 3 rose but when I recieved the order I got 2 dairy milk chocolate and only 1 rose then I tried to talk with blinkit help center they said there a no more item piece got over but still there are 2 piece left blinkit is not ready to replace my order and that's how they spoiled my anc mother's whole day thankyou blinkit,1,lamanianjali12,"May 10, 2026 12:33 AM",3
https://www.mouthshut.com/review/blinkit-review-rslrssqusop,Worst customer service and bad company policy,"I bought the product Faucet splash extender, which doesn't fit to my kitchen tap. I raised a complaint to replace with right fit product or refund the my money Rs 354, but customer service executive Shaheena refused to do the justice, she was bound to company policy, i certainly object company policy, which doesn't support customers and add values. Overall, Blinkit have whole system to make money, rather than adding values and increase customer base. I give single star for Blinkit as a company. Looser Blinkit",1,manjupm05,"May 04, 2026 06:42 PM",4
https://www.mouthshut.com/review/blinkit-review-uuusmsousop,Foul smelling product,"They send me a foul smelling product No matter what product you buy, the next time around, these people increase the price",1,sameerpalsabia612,"May 03, 2026 03:03 PM",4
https://www.mouthshut.com/review/blinkit-review-rrrupsmusop,3 rd class app,Sent the defective piece and denying to exchange it. Ordered one iron box send defecting piece and denying to return I paid 1200 and uta waste of money and time and give is useless answer stating contact the brand,1,sushmithapatel09,"May 01, 2026 05:16 PM",4
https://www.mouthshut.com/review/blinkit-review-mmqslmstsop,Very bad customer service,They don't even take you products return once it's delivered and if we ask for return or replacement they ask to contact the brand. What the brand can do here? They have to fix it. The product was expensive and it was not performing well but they are not taking it return. What a loss. Be aware of this scam company.,1,simranpaul5600,"Apr 28, 2026 09:42 PM",4
https://www.mouthshut.com/review/blinkit-review-slmrpqotsop,"Ordered organic but got rotten,smelling bad.","I doubt Blinkit keeps organic fruits & vegetables. I ordered organic beetroot, amla-& crop potatoes all spoiled, old, rotten with holes.I recieved. They got me second time in exchange- it was worst- smelly smashed rotten potatoes, beetroot -old, rotten, all watery, the bag was completely torn. So, do not trust blinkit keeps organic fruits & vegetables.They keep non-organic vegetable & fruits, just brand as organic & charge more money..They refunded. I ordered Elli 18, Rose lipstick, I tasted on my skin- i got bad burning sensation may be old product with new validity sticker. They did not exchange nor refund & told me to talk to Elle18 customer service. I did not take the order from Elle 18 company , i took from blinkit-its their job to get me the exchange or refund.",1,Reetu466,"Apr 27, 2026 08:48 PM",4
https://www.mouthshut.com/review/blinkit-review-tpsonqotsop,Costly price,"Blinkit Sell at high price so better option is big basket.very huge price keep by blinkit, so avoid to buy through blinkit better to go with big basket with genuine price",1,vchoudhari8,"Apr 27, 2026 08:42 PM",4
https://www.mouthshut.com/review/blinkit-review-mqqqosmtsop,Extra charges for a maggi and a coldrink.,These idiots looters charged me Rs.116 for a bill of Rs.55. Delete this app. This app should be permanently closed,1,abhishekjoshi0021,"Apr 26, 2026 09:52 PM",4
https://www.mouthshut.com/review/blinkit-review-nuomtqltsop,Total lifesaver for late night groceries,"I was honestly surprised to see Blinkit start services in Mirzapur recently.being someone who often forgets to stock up daily essentials, this app has been a saviour for those late night kitchen needs or last minute cravings. I have placed a few orders now and delivery time is impressive usually reaching my door in 12-15minutes which is great for our city. The vegetables and items I ordered were fresh and the packaging was solid. It is so much more convenient than rushing to the local market in the UP heat. My only small complaint that some products have comparatively high price than market or other plateforms and everytime I need to place at least 149rs to avoid delivery charges if any person has ordered more than 1000rs then delivery charges shud be ffree for him lifetime. This is a must have app for everyone in any city.",5,rishash80,"Apr 25, 2026 03:29 PM",4
https://www.mouthshut.com/review/blinkit-review-lpmuroossop,Duplicate artificial eggs supplied,I purchased eggs on 19th april and all are artificial eggs. I still have those unutilised eggs and thinking to complain this at designated authority Ashutosh 993107xxxx,1,kumarashutosh2001,"Apr 21, 2026 05:24 PM",4
https://www.mouthshut.com/review/blinkit-review-mmnnmslssop,Cordless phone Beetel X73N,I purchased the cordless phone as per subject and has been not working for last 4 to 5 days. I had called and emailed Beetel customer care and they told to do some thing on menu of phone but the call was not going from the cordless phone ... So the guy told try again with another number...I tried with another number but the same was the result.He suggestion was to get it replaced or refund from Blinkit.I called up customer care in blinkit and after all parafernelia they told they need a video of showing all parameters with cordless phone with display no and phone not going ... Come on.... you need to b replaced or refunded..we don't have time for all these.. Y we buy from online for fast delivery to use ..but if the product is not checked by Blinkit which they have to do...which they have not done ...these electronic products should not be bought online is the lesson learnt from this.Custoners should never choose online platform like this for purchase of electronic items.. thank u,1,menonsuresh2000,"Apr 20, 2026 11:43 AM",4
https://www.mouthshut.com/review/blinkit-review-qrqqqlursop,I had a very disappointing experience with Blinkit,"I ordered Noise Buds VS102 earbuds, but what I received was clearly an already used and older product. This is completely unacceptable. When a customer pays a good amount expecting a new item, receiving something used feels like a straight-up fraud. It honestly seems like the company might be aware of such issues but chooses not to address them properly. This kind of negligence shows a lack of respect for customers and their money. I strongly feel that customers should be cautious while ordering from this platform. Based on my experience, I would not recommend ordering from Blinkit, as product quality and trust seem to be compromised.",1,sachin200682461,"Apr 19, 2026 09:12 AM",4
https://www.mouthshut.com/review/blinkit-review-ptqoorsrsop,Rotten chicken delivered for the 3rd time,Blinkit has delivered rotten luscious chicken for the 3rd time. This is absolutely shocking and unacceptable. This time around I complained and they refunded immediately,1,kevinkolankanny,"Apr 18, 2026 10:57 AM",4
https://www.mouthshut.com/review/blinkit-review-tomorsrrsop,Do not anyone form Blinkit,"""I used Blinkit for the first time for grocery delivery, and I had an absolutely pathetic experience. If Blinkit couldn't fulfill the order, they shouldn't have accepted it in the first place. To make matters worse, the delivery partner told me they couldn't deliver to such a long distance. Blinkit cancelled my order on their own, but there is no information regarding my refund. Their chat support doesn't even have an option to discuss refund issues. I have never seen such terrible service in my life.""",1,balajinarale,"Apr 17, 2026 03:57 PM",4
https://www.mouthshut.com/review/blinkit-review-nnrslpprsop,Appalling Service  Paying for Their Mistakes!,"I had a pathetic experience with Blinkit today. The delivery partner dropped my order at the completely wrong address. When I reached out to cancel because of their error, the customer support team had the audacity to tell me Id be charged a ₹ 20 cancellation fee. Why should the customer pay for the app's incompetence? Absolute lack of accountability and terrible service. It is unacceptable to penalize a customer for a delivery failure caused by the app's own partners. The support experience named Subhana was unhelpful and dismissive. Avoid!",1,pgaurangi1001,"Apr 16, 2026 12:17 PM",4
https://www.mouthshut.com/review/blinkit-review-looppsmrsop,Pathetic Customer Service,I had ordered Extension Board with high watt yo support high power and I received the board with an adaptor which doesn't fit in our normal electric board. I had requested to return or refund but they denied the request with attitude. This doesn't work in today's world with customer service is an key.,1,atullotankar367,"Apr 14, 2026 11:09 PM",4
https://www.mouthshut.com/review/blinkit-review-tmopnrmrsop,Forced decision of the customer service providers,"Had ordered few vegetables out of which did not receive 2 vegetables which was needed at the moment, some other Vegetable was delivered- which is fine - Problem is when I received a call from Blinkit- they apologied - I said no worries I mentioned -I need the vegetables so pls send it they said won't be able to send , Can we give a refund ?, I mentioned since I needed it , pls send it as otherwise I would have not insisted , they mentioned its not possible to send , we can give refund only MY point to them is - this is NOT a solution OR ANY HELP- this is a forced decision given to the customer - Saying U HAVE NO CHOICE MAAM I told them If I have to put just the 2 vegetables only in my cart which costs 45 rs so then I will be charged good amount of delivery charge which i dnt want to pay and since the mistake happens and has happened before also I really dnt think its a big deal but u are not sending the delivery cos u guys will also have to bear the delivery charges which is more than the Vegetable cost right ? They only kept saying the same So I said if its about refund then give me entire amount refund that I have ordered which is way more than 45 rs and if not the entire amount then pay me half They refused that as well My entire point is - mistakes happen from the delivery guys and its acceptable but if it happens then y should the customer NOT HAVE A CHOICE TO CHOOSE-REFUND OR GET BACK THE STUFF THAT WAS ORDERED?? If at call centre u are only saying sorry and giving refunds or forced decision then no point asking the customer also Hope my request reaches an authority who understands my point rather than this complain is here and NOTHING IS DONE ABOUT IT",1,trehannamita,"Apr 14, 2026 08:27 PM",4
https://www.mouthshut.com/review/blinkit-review-smsqtnqqsop,Pathetic Customer care,I have purchased laptop charger and I received broken seal still I accepted because I want that product but pin was not working with my laptop..I called to customer care for help..but they denied and Said this is non returnable product...I hv paid 1700 rs for this and they simply said non returnable product...I'm really not happy with this service...m keeping no usable product with me... Worst experience with Blinkit...pls guys don't use blinkit..not recommended..,1,diptiranjana19,"Apr 11, 2026 11:41 AM",4
https://www.mouthshut.com/review/blinkit-review-olmrrnqqsop,Blinkit supplied spoiled and damaged products.,"I am extremely disappointed with my recent experience. The product I received was spoiled and completely unfit for use. This clearly shows a lack of proper quality control and care in handling items before delivery. As a customer, I expect fresh and usable products, especially when paying full price. Such negligence not only causes inconvenience but also breaks trust. I hope the management takes this issue seriously and ensures stricter quality checks in the future to prevent such incidents. I would also appreciate a prompt resolution, for replacement of product.",1,ramandiwaker,"Apr 11, 2026 11:26 AM",4
https://www.mouthshut.com/review/blinkit-review-rqsrulqqsop,Looted me...not giving my refund since 1 week,I received a damaged product I sent it back for refund.but its beenn more than a week I have not received my refund .they are just fooling me.also only after making multiple follow ups they responded with very casual and unprofessional reason that blink it store has forgetted to upload the data for refund hence its been stuck.so its clear that there was no intension for refund.,1,waghela615,"Apr 11, 2026 01:26 AM",4
https://www.mouthshut.com/review/blinkit-review-lrntmolqsop,Defective Apple USB C to lighting cable 1M,"I have purchased Apple USB C to lighting cable on 06 April 2026 but when the cable is experiencing slow charging and overheating issues. Additionally, the Apple Service Centre has confirmed that the product is inauthentic. Inspite of above blinkit is not taking initiative to replace the cable with a genuine product or process a full refund at the earliest. This situation has been extremely inconvenient, and it is not feasible for me to visit the service centre repeatedly. Since the product was purchased from blinkit platform, they are not taking responsibility for ensuring its authenticity. Dont buy any product from blinkit",1,ramanvermascmt,"Apr 08, 2026 10:59 PM",4
https://www.mouthshut.com/review/blinkit-review-uqustrtpsop,I'm blinkit employee fraud company don't join it's,Fraud company employee ke paise khate ho I'm totally frasted policy banao to phle bta dia kro new employee ko taki join kre ya na kre phle bta dete to me join hi nhi krta mehnat ki kamai thi meri petrol fukne ke lie nhi dupme work kr rha tha abhi consumer forem me report dalne ja rha hu na tumhari side se store se support mila na customer care se ab finally frausted hokr yeah krna pd rha h 898287xxxx mera number h 1200 ki kmai me 840 tumne kat lie biger btae grib ki badua lgegi tumko,1,mukeshmechtiwari,"Apr 08, 2026 11:23 AM",5
https://www.mouthshut.com/review/blinkit-review-nnuortqpsop,"Convenient Service, Packaging Can Improve","Ive been using Blinkit regularly, and while the service is usually convenient, Ive noticed some decline in delivery quality over the past couple of months. In my recent order(April 3, 2026), multiple items like eggs, vegetables, and water bottles were packed together in a single bag, which made it difficult to handle and led to minor damage. Although a small refund was provided, better packaging and item separation would greatly improve the experience. With the increasing number of orders, enhancing delivery handling and customer care will help maintain the high standards Blinkit is known for.",4,sonaann695,"Apr 06, 2026 06:12 PM",5
https://www.mouthshut.com/review/blinkit-review-rlqmnrppsop,Sending sheets mask place of collagen Mask,"Even after complaining, their executives aren't taking any action, and they're still scamming customers with their collagen mask, selling a 10-minute sheet mask for ₹50;.",1,pandeyamrita301,"Apr 05, 2026 10:51 PM",5
https://www.mouthshut.com/review/blinkit-review-lsqosnppsop,Fraud site always send orders with missing product,"They are frauds I ordered 4 times all the times they brought orders with missing products and asked me for full amount , there quality of products are so bad some products are expired but they did not care, no customer care to help , they always refused to exchange bad qualities product , they are a big frauds , why they are still in business I dont understand , they are thrives , there delivery person dont know how to behave with customers , chor site",1,rachnamehta2416,"Apr 05, 2026 04:41 PM",5
https://www.mouthshut.com/review/blinkit-review-uompmropsop,Bad Delivery Service,Sabse Ghatiya Delivery Service hai.. 3 ghnte tak saman nahu phunchta Customer wait krta rahe bus.. Very Bad Service,1,m41172383,"Apr 04, 2026 10:02 PM",5
https://www.mouthshut.com/review/blinkit-review-usmrqnmpsop,Blinkit Home Delivery Services,"Recently I e in the last two months or so I have seen a deterioration in the Home delivery systems.Now a days more and more items are stuffed within one packet, leading to the packets getting torn and the items getting effected by over stuffing.Today i.e 3rd April, 2026, we got all the items i.e the eggs, vegetables and water bottles stuff d in one packet.The delivery person too just kept the same at the door step though he could have handed it up to us.It was difficult to pick up the packet.It was torn and one water bottle leaking.Though Blinkit paid back Rs 25/- but the overall experience was not satisfactory. It seems Blinkit is failing in keeping pace with it's orders and so this failure in maintaing good delivery systems.It is a warning.Promoters look into the issue and put proper controls in place.Thanks",3,subhashch08,"Apr 03, 2026 10:33 AM",5
https://www.mouthshut.com/review/blinkit-review-rpqoomqosop,"Quick Delivery, Seamless Customer Experience","I ordered a real product from Blinkit, and it arrived in 15 minutessuper impressive! A few days later, my Hilton air fryer broke down. I contacted Blinkit support; they gave me helpful advice and directed me to Hilton. Their team asked me to visit the service center with my documents. Once verified, they fixed it completely free of charge. The seamless process thrilled me! This boosted my trust in Blinkit, so I'll definitely shop there again. Need to pick items over 150 rupees next time to skip delivery fees.",4,pganesh3555,"Mar 30, 2026 07:37 PM",5
https://www.mouthshut.com/review/blinkit-review-lupnquposop,Maggi,"Exceptional delivery support, but the app and refund policy are a nightmare. I am writing this review to highlight a massive discrepancy between this companys service and its technology. On one hand, I had a fantastic experience with the delivery personnel. He was professional, helpful, and actually went out of his way to assist me with the refund process when he saw I was struggling. If the rating were based solely on him, it would be five stars. However, the app itself and the corporate refund service are abysmal. The interface is not user-friendly, and despite the ""refund service"" being advertised, it is nearly impossible to navigate or execute through the official channels. It shouldn't require the manual intervention of a delivery driver to fix a systemic failure in your app. The backend service needs a complete overhaul to match the competence of the people you have on the ground. Until the refund process is streamlined and the app bugs are fixed, I cannot recommend using this service.",1,sakinalokhandwala,"Mar 30, 2026 06:07 PM",5
https://www.mouthshut.com/review/blinkit-review-onmsqsunsop,It's worst platform,"We ordered products online through Blinkit, but they were not delivered properly. We raised a complaint and query, but it is still not resolved. This is not the first time  we have faced this issue many times. Very disappointing experience. Please be careful before using this platform, as it has been a waste of time for us.",1,rakisr2023,"Mar 27, 2026 02:58 PM",5
https://www.mouthshut.com/review/blinkit-review-sqsolnnmsop,Do not use this app. Its a scam,"I ordered a product, they send me something else and now they are telling me they sent the right product and its my fault i received the wrong product! WTF.. the product is not even sealed! They cant even prove me that they sent me the right one 😁",1,hello553,"Mar 15, 2026 03:37 AM",5
https://www.mouthshut.com/review/blinkit-review-otuputlmsop,Worst experience on dilevery and with dilevery par,Worst that's it very very rude behaviour just very very disappointed with this and due to that I have decided to install the app Never expected and never experienced such things bas naam bada hai aur kuch nahi .... Frrrrrrrr,1,samruddhijoshi718,"Mar 14, 2026 12:24 AM",5
https://www.mouthshut.com/review/blinkit-review-snpnmurlsop,Not delivered watermelon for rs 104,Order no.#ORD93148616592for rs.1305 dated 11032026 Not delivered watermelon.repeat experience No response to email and chat also No customer care no. Too Pitiable se4vice Please replace asap. U may lose business from regular customer,1,kingkohli,"Mar 12, 2026 11:57 AM",5
https://www.mouthshut.com/review/blinkit-review-turpptnurop,No resolution,"When informed about one of the item is damaged, they made its too complicated. They asked to download the app and attach video which will be reviewed in multiple business days will get back to me. I ordered through web as my phone region doesnt allow to download as Im here for visit. My question was when u can accept the order then u should be fixing the problem also through web. I trusted a friend pf mine who used to buy through blinkit my bad. Its just a small amount but I was in a very need of it where I ordered and this is the result. I will escalate this upward.",1,operation653,"Mar 02, 2026 04:36 PM",5
https://www.mouthshut.com/review/blinkit-review-tntrumlurop,Worst support,The delivery guy returned 34 rs instead of 234 as we were facing some issues with the network we couldnt check the payment and these Blinkit people are saying the delivery partner confirmed the payment I have been spending more than 35k on a monthly basis in Blinkit and they are asking for a proof for 200 rs as he might have given us cash but I have shared them the whole screenshot of the payment done all nonsense excusesthey are worst in customer support last month a delivery partner took 3 hours to deliver the product stating I m on my way for that also they didnt take any disciplinary action and now this day by day their service is going to hell,1,manishadutta818,"Feb 28, 2026 04:29 PM",5
https://www.mouthshut.com/review/blinkit-review-uppumqutrop,Electric product,"Very useful, on time delivery, suddenly plan and most useful and surprise gift also we can based on blinkit delivery time",5,manizoho,"Feb 27, 2026 11:09 PM",5
https://www.mouthshut.com/review/blinkit-review-srnoortsrop,"Blinkit : Superfast , but not always Spot on.","I have been using Blinkit for quick grocery deliveries for the past few months, and my experience has been mixed. The biggest advantage is definitely the fast delivery. In many cases, my order arrived within 10 minutes, which is very helpful during emergencies or when you forget to buy essential items like milk or bread. The app interface is also simple and easy to navigate, making the ordering process smooth. However, there have been some disappointing experiences as well. A few times, items were shown as available but got cancelled after placing the order. I also received vegetables that were not very fresh. Customer support is mostly chat-based, and resolving issues can take time. Refunds are not always instant, which can be frustrating. Pricing is slightly higher compared to local stores, but you are paying for convenience and speed. Overall, Blinkit is good for urgent and small orders, but I would not rely on it for full monthly grocery shopping. Its convenient, but consistency and quality control need improvement.",3,AbhigyanBinjola128,"Feb 18, 2026 09:23 PM",5
https://www.mouthshut.com/review/blinkit-review-lqpumrtsrop,Double payment collected by blinkit,"I have purchased a product from blinkit by paying payment thru UPI, but at the time of delivery, they have collected cash from my home and Complained to blinkit for the didn't refund me. Bogus management",1,shahprnay,"Feb 18, 2026 08:42 PM",5
https://www.mouthshut.com/review/blinkit-review-umoqmlssrop,Worst,"Worst, fraud, big scammers, they are least concern with clients they only interested in stealing our hard earned money",1,maulikjoshi1987,"Feb 18, 2026 12:17 AM",5
https://www.mouthshut.com/review/blinkit-review-mlqtonpsrop,Bd service provided by blinkit,"Gurbhej singh delivery boy misbehaved using the wrong language for the order as he refused to deliver in office. When have word's with blinkit they said we blocked the Id of the same delivery boy. Earlier order for cookies, all damaged cookies send , but after long conversation they returned back. Gunda type service boys working with blinkit, I recorded the conversation of Service boy Gurbhej singh at Patiala, totally illiterate, assurance given that they blocked id, but no proof with us, Customer care service only to apologise. Coming time will definitely end of blinkit",1,sonisukhvinder29,"Feb 16, 2026 02:36 PM",5
https://www.mouthshut.com/review/blinkit-review-quotonosrop,Customer service is shit!!!!,You guys can really help improve your customer service. Ive been using blinkit over your competitors for years. Not once returned or complained. The customer service agent chooses to laugh at customers when they are raising and issue instead of handling an angry customer. Im not rude im not impolite but a little cordial response is expected from customer service,1,sundaramsuganya,"Feb 15, 2026 01:20 PM",5
https://www.mouthshut.com/review/blinkit-review-ptunopnsrop,Cod problem,I want cod but it doesn't work...pls do something today blinkit not working. Pls do something 🙏 it's not working today ehy Today it's not pay by cod,2,kshetribijay80,"Feb 14, 2026 06:22 PM",6
https://www.mouthshut.com/review/blinkit-review-rnrnupmsrop,Delivery of expired supplements,I received order on the 13 th feb that is today and they delivered expired product and when asked they suggested pick up and refund . The customer care executive was even pathetic,1,preetbakshi21,"Feb 13, 2026 07:57 PM",6
https://www.mouthshut.com/review/blinkit-review-plospulsrop,Blinkit is NOT safe. Very disturbing experience.,"I placed an order and some items were missing. When the delivery agent arrived, he called me and misbehaved, asking me to come downstairs. I went downstairs, but he was not there. He again spoke rudely and kept changing the location, asking me to come upstairs. The way he was talking made me feel unsafe. I informed customer support about this behavior. However, for the redelivery of the missing item, the same delivery agent was assigned again. Because of his previous behavior, I felt insecure and asked him to leave the package at my doorstep. After some time, I collected it. Later, I found that the lemon delivered was rotten. I contacted support again, and shockingly, the redelivery was once again assigned to the same delivery agent. I again requested doorstep delivery. After waiting for about 10 minutes, when I opened the door to collect the packet, he was still standing there and was pushing the door from the side. I had to forcefully close and lock the door. It was extremely scary and disturbing. Customer safety should be the top priority. Assigning the same delivery agent after a safety complaint is completely unacceptable. I do not feel safe ordering from Blinkit again.",1,ishitaverma362,"Feb 13, 2026 02:22 PM",6
https://www.mouthshut.com/review/blinkit-review-nmpunpurrop,Fraud company,I waited for 35 mins and then order was cancelled with any information for no reason and team is calling me and saying delivery boy has cancelled.,1,rachanabajaj27,"Feb 12, 2026 12:02 PM",6
https://www.mouthshut.com/review/blinkit-review-rpttmltrrop,Expired item with a broken seal,"They sent me an expired item with a broken seal, and when I tried to talk to customer service, they just gave me a lecture about company policy... so unprofessional...pathetic..deleting the app",1,jaikankare,"Feb 11, 2026 04:13 PM",6
https://www.mouthshut.com/review/blinkit-review-qpsuooqrrop,Poor service,"I have ordered the boat ear bud, which was defective and it was under seven days replacement policy, but the customer support deny for the replacement and and the chat. Also, the supervisor did the same. She was giving the excuses and then didnt proceed with replacement.",1,balramjadon21,"Feb 10, 2026 10:31 AM",6
https://www.mouthshut.com/review/blinkit-review-prtrummrrop,Extremely Disappointing Experience with Blinkit,"Based on my most recent order, I had a really bad experience with Blinkit and would not suggest it. Although the app aggressively advertises ""super fast"" delivery, the actual delivery was much later than anticipated. The lack of communication about the delay exacerbated the experience. One product was damaged and several items were missing when the order finally arrived. This degree of negligence is unacceptable for a service that charges high fees for convenience. It is evident that quality checks are insufficient. Another big disappointment was the customer service. It was challenging to get through to a real human representative, and the answers I got seemed robotic and useless. Rather than properly resolving the issue, I received generic responses that failed to address the real issues. Additionally, the refund/compensation procedure was unneededly drawn out and annoying. Despite Blinkit's claims to be a dependable and effective solution for everyday problems, I had the opposite experience. The goal of using such an app is totally undermined by high costs, erratic delivery, missing items, and subpar customer support. I would strongly advise others to reconsider using Blinkit until there are significant improvements in service quality and support.",1,viradiyakrunal9,"Feb 06, 2026 01:47 PM",6
https://www.mouthshut.com/review/blinkit-review-osposssqrop,Never buy anything from blinkIt. It is the worst,Blibkit is the worst company with expired food products. Two girls who ordered icecream from blinkit are now hospitalized. Customer service is the worst ever.,1,Password1234,"Feb 04, 2026 12:55 AM",6
https://www.mouthshut.com/review/blinkit-review-usotporqrop,Item wasn't returnable and exchangeable,"Whoever make this app is mad , suffer , idiot, and this app coustomer service is on another level i think ban This app and arrest the person who made this . I like big basket app and I will always do worst ratings for this app.",1,piyush0singh0999,"Feb 02, 2026 07:11 PM",6
https://www.mouthshut.com/review/blinkit-review-nupqqtlqrop,Item missing in ordered & paid items with blinkit,"Placed order today (30-1-26) with Blinkit for 1kgx3 Whole Farm Raw Sonamasuri Rice, 1kgx1 Bhagyalakshmi Premium Dosa Rice & 500mlx2 Nandini Shubham Milk and paid ₹367/- by GPay. A sealed bag was delivered to me and on opening the bag noticed 1kgx1 Whole Farm Raw Sonamasuri rice was missing. Soon after I contacted Blinkit through their App Chat, they bluntly refused to accept my complaint about shortage. They say that all the ordered items were delivered and they cannot do anything.",1,arvgopal,"Jan 30, 2026 03:33 PM",6
https://www.mouthshut.com/review/blinkit-review-tpsoomlqrop,Blinkit ......very worst service,"I was order three print out , recd only 2. charges i paid to blink it 50 rs. while getting help from coutomer care they are refunnding 3 rs. if agin place order for missing page i have to pay high charge. Team even doest have sloution for it , very bad experanc will put this on social media not to used Prnt out option from blink it. ChatGPT said: Got it  heres a clear, strong, and polished version you can post as a complaint or social media review. Ive kept the tone firm but factual 👇 Version (Professional but Critical): I ordered three printouts from Blinkit but received only two. I paid ₹50 for the service. When I contacted customer care, they offered a refund of just ₹3, which is completely unacceptable. If I place a fresh order for the missing page, I am expected to pay a much higher charge again. The support team had no proper solution for their mistake. This has been a very disappointing experience. I will be sharing this experience on social media to warn others not to use the printout option on Blinkit until they fix such issues.",1,shrinaiksatam,"Jan 30, 2026 10:33 AM",6
https://www.mouthshut.com/review/blinkit-review-npuuporprop,Delevry issue,"Thanks for my customer care partner sadvika on 28 jan 20263 Am, I've ordered a product it's not been delivered and the application showes me, the prodect has been delivered, I've contacted customer support and the person called sadvika assested me and he'd me to get the refund instantly really wanted to appreciate her for her patents and efforts she was so calm and observed my issue and sored it out instantly wanted to rate her csat 10 out of 11 for her hard work and efforts... Appreciation for sadvika",5,ngunasekaran251997,"Jan 28, 2026 03:15 AM",6
https://www.mouthshut.com/review/blinkit-review-muptqrtorop,Unhelpful delivery boy,"Delivery boy, mentioned to me he was unable to deliver my goods at my doorstep because the lift was not working, he sarcastically told me even he's a human, and can climb up until the 4th floor not until the 7th floor. I sure understand he didn't have to climb mountains. While he chose his job and should be delivering it until my door step... never again. Also I was charged twice for the same delivery as the first order did not go through. Still awaiting my credit.",1,jennycaeiro,"Jan 22, 2026 08:46 PM",6
https://www.mouthshut.com/review/blinkit-review-nrqsproorop,MetaShot Bat Defective  Blinkit Doesnt Take Resp,"I ordered a MetaShot smart bat via Blinkit, but my experience has been extremely disappointing. The bat did not turn on even after charging for 3 hours. The power button is not working, and it cannot pair with the MetaShot app. MetaShot agreed to replace the defective product, which is the only positive part. Blinkit refuses to respond, saying it is not their responsibility, yet they take money without accountability. The National Consumer Helpline (NCH) closed my grievance without notice or explanation, leaving me with no solution. I received a defective product, faced extremely poor service from Blinkit, and found the grievance process through NCH ineffective. Be cautious when purchasing from Blinkit. At least MetaShot will replace the product, but the delivery platform provides no resolution.",1,charankumarnarra,"Jan 20, 2026 02:10 PM",6
https://www.mouthshut.com/review/blinkit-review-oqqqnroorop,Frozen items stinking,"The Andheri West store of blinkit repeated repeatedlysending chicken order that I have placed, which is stinking and even after I repeated Complaint, it's not called not the money funded three times repeatedly this has happened. The apologies but do nothing about it .They are freezing NOT frozen items in the fridge, but storing ginger, garlic onions I'm always getting them cold which I do not like but nothing is improving in the store again today again stale stinking Chicken has been sent to me and even after Complaint they have not bothered to call. which is not required they are all coming cold whereas I've complained I but thinking every time this andheri west new link road store of the store also needs to be shut soon worst experience with them . They preapprove the entry and send after 20 minutes. It's very rare that they send within seven minutes with such bad services. This branch needs to be shot to.",1,thapars68,"Jan 20, 2026 02:02 PM",6
https://www.mouthshut.com/review/blinkit-review-tnuumooorop,I hate this company,"Blocking an employees ID for 24 hours just for posting about Chhatrapati Shivaji Maharajs Rajyabhishek Day is an outright insult to Maharashtras identity and pride. Chhatrapati Shivaji Maharaj is not just a historical figure  he is revered as a deity by millions. If you want to do business in Maharashtra and earn money from its people, you must respect its history, culture, and sentiments. If Blinkit has a problem with our deities and icons, then you have no moral right to operate your business in Maharashtra. Posts about foreign issues and controversial topics are allowed, but Chhatrapati Shivaji Maharaj is not? This double standard is unacceptable. If even a little self-respect remains among Marathi people, then: 👉 Uninstall Blinkit 👉 Do not spend a single rupee on this app 👉 Respond to this insult with a complete BOYCOTT 🚩 No apology. No compromise. Disrespect to Chhatrapati Shivaji Maharaj will NOT be tolerated.",1,suvarnahivarkar,"Jan 20, 2026 11:05 AM",6
https://www.mouthshut.com/review/blinkit-review-ltmtlunnqop,Placed order chicken 450g*2,"I have placed chicken 450g * 2 and paid for two but received only one there is no proper response, even after reminders need immediate response",1,vasdamodaran,"Jan 13, 2026 12:28 AM",6
https://www.mouthshut.com/review/blinkit-review-uslnuonnqop,Double Payment Issue,"This note is not written in anger, but in disappointment and with the hope that it reaches the right decision-makers at Blinkit. If we send mail and report to customer care no cares about the issues I never saw something like this worst service and they are not responsible if something happens to the customers by their deliver agents and they will say that they are looking into and and they will ask time for 24 hours and they not respond and they wont even try to sloe the problem its better to stop use blinkit so that the consumers will be safe",1,karlapatiganesh,"Jan 12, 2026 04:07 PM",6
https://www.mouthshut.com/review/blinkit-review-lssnplumqop,Worst app i've seen,"Guys, never pay before the order has delivered. Just choose cash on delivery. And worst customer service. No help line",1,laxmipoojitha000,"Jan 09, 2026 09:09 PM",6
https://www.mouthshut.com/review/blinkit-review-rrpnnutmqop,Bad service,Blinkit service in sikar poor. They show quantity of product in the app and when we order we get less quantity product. And what is the egg price in blinkit. 1 egg cost 14 rupees. What is it made of steel or something.,1,shafeelashefi40,"Jan 09, 2026 07:30 PM",6
https://www.mouthshut.com/review/blinkit-review-tpsolsulqop,Bad experience,My mom the worse experience she ordered iphone 15 airpods and she got the other iphones air pods and there are not even ready to take that back by wasting are money and she didn't even opend that and there are not taking the material back also.staff was really annoying Instamart is more better,1,milindjamdade,"Jan 06, 2026 05:31 PM",7
https://www.mouthshut.com/review/blinkit-review-soptloslqop,PUBLIC NOTE| FOR CUSTOMER & BLINKIT LEADERSHIP,"PUBLIC NOTE | FOR CUSTOMERS & BLINKIT LEADERSHIP This note is not written in anger, but in disappointment  and with the hope that it reaches the right decision-makers at Blinkit. Blinkit has built its brand on speed and convenience. However, when it comes to electronics, the platform follows a model where the companys risk is reduced to zero, and the customer is made to carry 100% of it. Electronics are being sold with no practical return option, even when there is miscommunication at the delivery level. Customers are expected to accept internal policies, while the platform takes no responsibility for what is promised on the ground. This raises an important question for leadership: If Blinkit does not want to take responsibility for electronics, why sell them at all? Being a channel partner should mean shared responsibility, not complete risk transfer to the end customer. A policy may be legally safe, but ethically and experientially, it reflects poorly on a customer-first brand. Quick commerce cannot be an excuse for rigid service. Speed without accountability does not build trust  it erodes it",1,dipendrapaloffice,"Jan 05, 2026 12:33 PM",7
https://www.mouthshut.com/review/blinkit-review-tooptpolqop,Vaccum cleaner scam,No proper distription about product vaccum machine use only 20 min this information not give in distription after contact costmare care not supported and product not replace product scam with costmare not properly guide,1,shekharsanas07,"Jan 02, 2026 01:30 PM",7
